unit_id,sensor,unit_non_null_count,fleet_non_null_count,unit_cycle_min,unit_cycle_max,unit_first_late_life_30_cycle,unit_mean_all,unit_std_all,unit_early_mean_rul_ge_60,unit_late_mean_rul_le_30,unit_late_minus_early,unit_cohens_d_late_vs_early,fleet_early_mean_rul_ge_60,fleet_late_mean_rul_le_30,fleet_late_minus_early,fleet_cohens_d_late_vs_early
34,sensor_9,203,13096,1,203,180,9061.603497536944,6.967616755478989,9064.466133333335,9049.782916666667,-14.683216666668159,-3.121003717310307,9057.329394703658,9072.267409638554,14.938014934896273,1.4835072617464167
34,sensor_14,203,13096,1,203,180,8142.3042857142855,7.325468447639969,8145.689866666667,8127.505,-18.184866666666494,-4.637498046406819,8138.273503152585,8147.021626506024,8.748123353439041,0.9490307819611521
34,sensor_4,203,13096,1,203,180,1403.7408866995074,9.124763292845778,1399.5459333333333,1420.9720833333333,21.426150000000007,4.002209176612288,1403.7849819251787,1419.1863855421686,15.40140361698991,2.592676706448234
34,sensor_3,203,13096,1,203,180,1587.361773399015,5.4689565685236365,1585.3621333333333,1596.3879166666666,11.025783333333266,2.8041268819475533,1587.5488474148801,1596.4014457831327,8.85259836825253,1.8938140525096712
34,sensor_17,203,13096,1,203,180,392.4729064039409,1.4768862502396403,391.87333333333333,394.75,2.876666666666665,2.7435675379912183,392.42538881883144,394.7590361445783,2.333647325746881,2.049857821518868
34,sensor_7,203,13096,1,203,180,553.9317733990148,0.958848736189833,554.4034,552.095,-2.308400000000006,-4.713362651593824,553.8515342580918,552.3465060240964,-1.5050282339954038,-2.4698551206701524
34,sensor_12,203,13096,1,203,180,521.8755172413794,0.7594761765981056,522.2364666666667,520.4358333333333,-1.8006333333333941,-4.1978933056741745,521.8265792349727,520.5431325301205,-1.2834467048521674,-2.582824150621362
34,sensor_11,203,13096,1,203,180,47.38502463054187,0.2721629069237479,47.254866666666665,47.929166666666674,0.6743000000000094,4.872445297916639,47.387207229928535,47.85572289156626,0.4685156616377242,2.728198370034166
